Id,Q0_TOTAL_ASSETS,Q0_TOTAL_LIABILITIES,Q0_TOTAL_STOCKHOLDERS_EQUITY,Q0_GROSS_PROFIT,Q0_COST_OF_REVENUES,Q0_REVENUES,Q0_OPERATING_INCOME,Q0_OPERATING_EXPENSES,Q0_EBITDA
480,28707455.039880536,19286447.968477286,7994771.076464673,-249824.95984744557,466016.866444876,155765.9093336886,-1263540.3544360863,2731063.8778033694,-3149812.904293185
573,3995362895.518476,2709087038.214198,408152024.0405641,210635301.36159053,360921591.6741962,603200765.5939382,32466348.32182056,110197136.20663741,137589528.0494859
1967,103399285.49307194,29922734.491047643,-709873.0143597439,-273638.6702370992,25531583.37366337,21252093.03251416,-5908379.730182153,5377344.5297942655,-3149812.904293185
57,5613359249.821821,2108027892.0343769,3342315653.519221,173017457.45953354,254206922.299751,531580174.5673882,61475870.73909595,91035384.98217581,77962971.03771432
131,4541392948.75368,3302263080.060769,1124847520.9249685,197806894.65067092,834437679.2169327,986342098.3800106,105145468.68551655,90314352.81106783,118850025.96209036
853,162622323.45997772,34642887.17936235,213373582.47946236,1768738.1934100946,1074619.8217195992,6255532.175466484,-20754505.92106698,23856188.01138441,-23016710.433976345
78,8344929990.655569,4975866642.523725,4156255602.8222055,433936718.68495995,1482511966.5241516,1936536639.2534173,288240305.80982506,137175725.48594996,261398140.60626966
1630,411803607.64576995,106300721.08809337,239439140.26721182,22310524.620422706,3754030.4043106358,18132437.508943103,-50379042.55103103,32844450.950485073,-10672788.100043284
963,27667685.353233926,20537317.45883092,2549158.804433899,177321.6952437036,2305517.0046858713,376144.2301037234,-6769703.09048705,8886904.113773108,-9805392.059392693
1377,19217598447.23163,9618254534.05608,9071082949.836212,612400667.1660938,3046252556.0081267,3146981932.570907,343623235.723475,199141756.08322626,424068972.36691576
1958,1210881778.9301867,722207038.9625545,692789266.1660125,91502420.12829399,105951289.17912024,170134213.48818293,1948973.9166463895,43149641.03880383,31411970.656174704
249,908648061.7204506,573746107.2690235,239710220.31186032,80401495.30289805,197513888.41672358,270965707.0939772,1607114.549854065,23955730.93387973,36730801.623235025
172,35590130.881651916,20374584.66009978,7994771.076464673,1080906.5764772026,896685.3711552069,2180234.8912668196,-221173.47938490208,2818322.625429458,-2227284.522627963
239,3702563713.2335873,2501259136.5357456,685574836.5677068,-11689704.781967586,309520286.1435445,327481376.2596053,-174932724.2617399,132572317.96381864,-93779323.33526807
224,13628466894.991896,4568430285.477107,8330447859.087719,636535693.525296,1057840653.0383081,1674546926.3635647,433859011.0136079,174919830.79491872,447937203.385282
1485,1734190872.9030972,936843256.2030313,808392836.8810668,119080491.34260273,44516264.28988128,177200630.228629,13658175.905911744,65975400.48907741,48942066.15628772
568,28380553.587074675,19286447.968477286,9299113.626582744,-1599802.6970538716,3433353.2798107103,867735.6093830671,-5246340.009512822,6411047.282401155,-7697015.659187201
540,20520517349.213436,12948344145.021563,9205991105.907495,850919874.9620299,4671384368.184691,4975600921.958598,423148857.4263888,369049565.7221777,523238808.16896534
1019,20818298376.940166,7593863790.811417,9169500622.254732,335160058.01301014,2581334.998502839,359456424.3795271,51490897.1992013,345542823.56844854,60710724.733610556
766,67759015.82207368,31501850.416179758,34189890.25262074,4060466.5980416723,1404177.844237039,4570445.041836535,-10715844.982357932,13695052.788053803,-13212702.803636454
1970,181236090.05506343,86224216.9814648,145617249.98221543,46538371.99739162,15237293.666686445,57198383.85295191,17921741.262195557,39307620.79984912,-3608128.124619196
398,447264030.53645974,170861630.60366046,5888962.483266883,9918146.041158147,12068078.566654824,15128065.29652214,-41023784.350342125,22484460.3480023,-19388946.785584815
316,51993607.09499989,21726643.171189535,26821345.28781078,2883823.041860796,1330770.2306468065,4458394.342497045,-5724077.381896399,7836515.790267557,-2688275.431541672
753,34769178.13726223,27585695.993294153,9365665.652239755,1989665.0680808017,-884379.1698601549,1538309.343822547,-6676127.994486339,3338308.306906911,-2705349.9417429008
654,32323385.453005124,34510579.64427216,-322857.46375532233,-374602.06460267736,678551.639775656,-10883.80368850482,-6956094.343069645,8935001.136951476,-8780490.101881685
300,15586357149.329521,7135753936.702578,9450977708.506548,625581101.5536771,1701592541.3591235,2513733192.96506,174315168.7282472,292007412.991229,328614565.01352423
505,39922816.84241122,25388034.141210537,10207871.911072332,3354351.188449527,2379497.1511753676,4938898.898004675,-2341121.4709755057,3117333.044492395,-1729193.9084609626
2007,25651907.791739956,19831221.564196993,7994771.076464673,-273638.6702370992,466016.866444876,414400.3746530683,1647008.411072952,2648772.610702435,-2069219.0554362868
878,1239264102.356736,650437302.5447236,527821393.6979358,393551401.91839695,-484254348.8882059,50887158.74726152,-59144492.92198935,541347936.6937239,-65316539.58762218
91,33116405114.87531,24938393119.650898,8230280941.593251,2081203913.8013859,3525650893.262918,4855852986.80418,1005028154.7365549,428190703.86843586,1318227017.1375737
1673,35365799.472198434,26286612.27660583,8279728.4004078265,3287282.926972059,1229203.9192166708,4283858.507400729,-6183665.960135315,4044387.436505381,-2545060.715007881
1583,-109042494646.68411,12852306182.739046,32014781165.115,7845903604.686008,3253955692.351394,6929628605.893965,3164779951.5487375,2200005155.529773,4918725873.1334915
624,9599690803.500252,10851315644.04266,-2301918228.7463756,332145441.59083474,385617097.25626427,692013208.8246849,-213883385.5591821,1375413274.5721424,-1327171835.0769842
1339,147504034.64942646,40171960.22678659,76368893.95561808,1655572.8497103325,1071659.2961755753,2131520.8288213112,-20209998.866136596,23973140.85936886,-22366155.9529034
1670,48677412.37530702,33050919.761349898,10207871.911072332,2668589.1127986885,11961131.594061987,8331432.640906699,-521189.9759177843,4274752.1208203705,-1729193.9084609626
1234,695390441.7540306,227429294.49676734,461132234.24240667,65184242.58547216,230995880.7107628,260261935.7452738,7579085.186497912,51043899.607810795,9186844.745656004
1623,383170822.89906585,658475794.5328498,208311641.00838614,105890484.75220565,89212345.0117306,186188533.99232092,-58711869.10735183,195091455.37964535,-69431872.44954431
1910,50840783.13766432,23477748.219220567,37422401.69004386,1553493.3629662304,2552318.662460098,4502794.90262187,-1440484.3609885562,6030125.578497474,-2224786.483009977
814,26602984817.30061,17541891502.603016,12589310059.90582,1550913410.4968169,3618420579.9232163,4861751219.030266,609929735.2079921,721967279.1041144,1008015036.9879192
1484,975111369.8264695,345185481.3122763,700011512.3898281,90318788.95382354,185785032.32259873,250354315.67639777,25480091.64681416,57336061.86139719,30680960.640415233
1125,4127205173.5234575,1723557609.7013009,1528096915.9967744,158315784.46822765,448786806.2963025,682330702.8227168,113827035.21107398,70387331.96368594,87514230.88437253
455,3135361242.393451,1744847377.2547538,1207210361.271979,119122155.35519202,145941214.92856845,246652646.05960897,37584704.149634436,59800129.52521221,62713159.21594789
1636,40431718.162437245,26286612.27660583,13295293.913192088,3311096.637361713,2884837.2105215616,5412733.829370317,-5303322.716292703,6897075.152076049,-3387907.6747026076
476,166654310.0037477,44370045.30453093,181991480.7430965,4103091.6276355097,1074619.8217195992,4596248.231281572,-22801955.014650993,32004276.91143127,-24489957.34603977
493,154879670.34041414,37172771.797206625,80167744.64267664,5234227.439270612,1629187.3631945213,4629094.480983897,-18895275.6030604,26379042.93012897,-21585335.101680823
1081,128792546.47847268,41034423.7510124,36667182.84702705,527153.7573801165,11314369.769637017,12944932.182246355,-10423134.456726914,9904235.90365018,-7115592.366511297
175,6859899534.637479,2968624023.9451327,3624506627.225824,186230552.98320052,1256548182.4662216,1548664582.5103722,108239547.80712597,105925840.82680054,80532560.1531888
1070,859151177.3964041,468526994.8783864,517008045.9444586,48251557.77013157,28790312.380586762,78774633.8051787,-40958788.74741907,99569441.9646368,-53232434.32458711
1850,50761634.08637756,20588761.948831905,57699817.26793003,4470976.360228787,3723684.4341321597,7901142.259967235,-1893815.603031954,7301982.069519099,-5269044.930918116
824,1186046342.3934066,1104045461.9650702,-104288300.7069939,206885724.88570794,47187767.08543242,244318828.9510293,9699919.035288185,177459417.96940026,-924987.7896590624
1949,12604636395.46874,7545334550.683839,3930942079.5628276,412664356.5935577,175130387.1011108,621066833.1516948,110769249.17757027,293691648.5209318,134120108.08236618
274,289240009.69910216,52768146.04228059,302770178.8946045,11992217.659732671,4050855.691720949,14646090.475119144,2442413.1863663024,10398283.982377134,794813.9965065052
2026,159207140045.55652,100115039678.2026,69840120657.15886,1649401805.053241,1157672354.1841376,4737776974.588096,1607013601.997415,5322318929.542482,-3642731935.3757734
1199,20648801915.208523,10221807751.652254,9737626732.60361,512850961.4316273,518307771.5304413,1541467324.2041073,163429193.78950986,69432966.03519535,648492354.9793767
1458,70714947.1139636,35828775.23169411,49666364.58839231,3311096.637361713,2884837.2105215616,4877069.992399492,-9128840.759149691,12786476.19483011,-9236239.080041923
393,245395592.40991896,66681358.11051282,187174932.409171,5644832.07226555,1407138.369781063,-9819503.507168833,-20301045.9424624,31994333.74199715,-26440873.21273656
1600,56530594.47419172,40163797.78633193,17020502.448499307,3141175.899287717,6928048.344655513,10205746.618138755,-6967499.305231371,4528226.158205676,-2239375.536257483
1282,39560142.029784776,20868090.492781848,24396245.347197425,2943113.4329553545,9827271.214605864,12013709.781102104,3260542.822949528,5662556.457052996,-2545938.5542658283
1123,324005114.64683676,80471853.39054087,44012232.21565376,26626447.21285346,34568100.46744622,60123756.10345617,-8975916.354854738,52375285.90566364,-33121100.44095899
439,2023338728.582011,422444760.86522835,1866914395.9377122,67205530.5332269,-2117891.772248601,2780473.286333606,-139992184.62745908,159845920.78714505,-65684883.753908195
302,894769787.3209134,213283454.97257382,647820872.2364638,15691429.617806556,5878205.465762233,18361422.079496738,-18584394.968086172,25581314.63804441,-9865581.265765503
773,425720954.4020113,149307540.14881736,98442262.1044486,3287282.926972059,1441738.6925474508,6247248.489857164,-7094875.10121738,6319829.644120451,-685610.8964373291
354,34769178.13726223,25475837.541111592,10207871.911072332,1104720.286866857,896685.3711552069,3610251.3209530474,-5412859.919361399,3877791.769867358,-2439057.583332258
191,173740984.98848188,40165246.96505652,236643549.56737974,2008216.9161135284,1074619.8217195992,1890527.3300885053,-17851468.54848207,17527320.233958535,-14844646.573845984
1823,28296760392.76509,11563551406.70122,15888429490.581818,2092999300.2549293,326422949.3275123,1901601900.7326095,1279265886.3045533,100381151.15522017,1397179463.0511055
903,276009793589.5073,169410360491.08948,148540302707.8247,31488733102.167713,9547207137.660343,40422811866.78883,7989822240.587761,17445458928.33959,31382881268.52437
746,96214648.00220382,25344972.077410564,70093756.80059657,7669568.182746821,883677.504470482,9847671.990990005,13000064.712989984,12899811.07650624,-11030644.802722344
85,1055864728.6823277,718789982.5411475,531144138.8001042,13867071.961330062,8856138.108577771,29385723.638102025,-14752098.303882578,19418860.468009513,-3832951.8820089065
1361,136508532.800569,34621147.000237904,70558273.54053682,1805534.4731804747,3617931.9043570724,5323271.620377111,-9294083.79816816,10946815.188299917,-6923705.818835958
1597,2045634331.1466188,1278491103.8676991,841407933.5262914,260764078.37550145,169520344.70884958,473993608.71547437,3735947.8232258265,290992586.3361713,12300538.713650253
1300,40098520754.7715,15271148302.496542,25741434973.753914,6506163339.473562,84615242.07775979,5857610761.241169,2062417244.094793,3842425526.225213,1546327817.7739127
491,160577178.77343577,58635352.55288255,118737669.14353016,18144146.485472213,19403881.852646638,40034295.80796012,6584885.296961101,34219322.27264039,-13248462.729485136
1849,1172119854.4668615,502248516.0381977,500041868.0447333,97228957.80837086,15666057.215453472,73838519.31057411,-37822953.68390606,124936119.9081315,-34750242.92894759
1352,7196548423.609828,4007285038.5044665,-247026509.63209048,-28462897.251215138,1488078359.8317301,1560060122.7361853,-180350662.7173919,54904919.48399725,-105717700.39570211
1657,1839176901.9108825,1705189758.6910698,805972618.1351424,78382463.55861217,475706885.83740145,590214289.3467485,7551215.068894001,84497893.69596653,2132276.8498708624
2022,615703596.704024,745991149.3842553,-27411461.473816406,100603312.15418862,-21769929.143065244,68644822.69782604,31189886.686042648,56085767.82367813,23182070.640960503
2008,607344409.5065354,248688514.67966723,415973072.2806808,127565463.01722072,121027763.48575285,263214871.65044177,6882648.278051464,122687142.23394413,-2966209.7122062566
314,146992496.6596879,59271222.90259767,48975050.96084333,9590680.953652924,1629187.3631945213,22585279.065790668,-23196434.120115735,26209556.366061643,-16600117.664716871
126,10041616788.378586,4020227975.572821,6933712490.898881,1067558748.1688427,303543426.9376911,894179269.9550954,340120851.0003566,931969445.515986,300897231.35574025
1295,34591173.62462191,26190371.15622515,3972841.176261223,3287282.926972059,29211820.557707567,29216626.85851733,-6128495.292499856,6004999.522917748,-4989069.6683292
641,12713204462.026064,9668012755.901073,3436117317.586249,628318117.0100315,1612439901.89341,2183872703.8666396,8598599.83785192,461828171.0857996,85008432.5919217
130,5571688564.800004,3099316923.1513195,-89386611.95135431,288224826.16468984,15163102.857166046,581507773.994494,-205601628.5364388,859243675.82785,-76661344.74758846
1114,128251634.14101353,78099665.43001813,67095619.09487769,7474001.722015023,10387445.684907189,16194003.419069989,5511842.87203229,36894843.146913484,-26531231.632673748
552,1577474063.4193203,488421849.92332923,1083094656.9519694,203232847.33959657,344925171.1399133,557457197.4442075,78568597.81157264,108036951.90393071,103265689.13315666
1038,851238972.605599,750449027.559896,177890730.06314215,38100527.51959192,88034316.82481246,133553376.05397926,-7190584.614757547,36947791.94581873,-1416981.9301305728
265,127730614.86232233,65678288.28503464,42784606.34466167,20401823.620684784,54071905.29994641,66133830.62387604,-27180421.203017388,80973775.3166897,-69238307.97135788
998,57475640.31540769,37182304.149498254,10207871.911072332,1080906.5764772026,896685.3711552069,6792170.550312109,-770889.5694740156,2900613.8925303924,-2224786.483009977
1922,37907039.28091726,17308396.07074545,35641860.562100716,3287282.926972059,1329943.6727083751,-569064.1154416796,16729912.39093267,3986978.3642847436,-1065221.175285572
756,196037605.34407213,109843387.25549747,85667583.00906244,24714961.910959452,43783509.84570178,67250381.01152864,2177756.3171373983,23527479.025101505,3327247.5170166004
208,4050363784.091239,1730316512.7995145,1782498056.8807855,204239797.55868632,240142910.3737358,543812996.369048,120450015.44777375,52995840.31373924,157870319.29848313
1545,33574353.32015795,19829811.064380072,7994771.076464673,1104720.286866857,896685.3711552069,1522861.2444981283,-5182318.909881909,2777523.776606799,-2464622.5761456634
1639,34585441.34627062,29236497.900177993,737020.1452564843,1104720.286866857,2152035.771785464,2467383.8737225463,-6224469.020202324,3985835.1682987413,-3139007.4051257526
925,5872734182.505703,3006363987.2552333,2194881819.5128374,533141016.2957325,2705222496.1654763,3036864799.9974647,209348276.93628606,306726951.3657171,230174091.61361086
715,66553642.81295925,43034197.33426424,22950858.683369726,1080906.5764772026,1599136.4161950643,3267207.570537044,2567976.3438828085,3132152.481228465,-2439057.583332258
1119,73806998.28650652,53071384.49677102,-56162492.891507946,3942687.8254602565,3073784.1033974467,7022794.2388557885,-8006921.092549672,9849356.353190267,-13336830.47924963
1093,1211345177.202841,629918523.5760705,359325883.71722955,127656283.20839633,188666988.02914232,344542551.690051,-37691100.845319845,140166621.62338188,6996440.768748907
304,37907039.28091726,26286612.27660583,9054648.685476478,4589310.577540821,1471513.797422287,5946676.516779987,-5163160.325805167,3586478.360223315,-1554248.1709112
1500,1475947951.394813,881603871.7838513,524481356.45364714,11097472.658725925,14145715.545463473,25373518.50976301,-40079094.62730423,47116469.371468596,-32074862.740393862
635,363594779.74248344,91767837.44888824,196094792.21733242,43372926.29416626,1214918.358161765,42175463.145670995,-10577266.562724028,56209582.48347136,-8655281.072731383
1337,6051510423.127052,3500430265.818326,2998112203.385385,462721401.50364447,166687646.58635047,617382799.0129822,-61252745.04803291,715344456.0490592,-230767913.76268947
462,228470100.6478073,140782652.53481895,118707007.1526647,17857466.34458128,12345457.061016964,35953302.30378959,-39129611.14882718,60337153.52153152,-36076654.56021673
1532,1807027855.8159316,1771716382.8267972,292829909.48613423,75231153.85107715,9849518.116303986,103443119.95508175,39340811.43190895,146628541.8242466,-83687294.47485207
658,4562547365.7946615,5029526399.20571,157287291.5812427,51298466.76847403,59114110.41324216,254397009.94009018,21193975.01726548,500327709.6197172,-414525751.0013594
1279,41639341.57707237,26296695.50528457,18765407.46573421,301526.7110873047,2121650.1577497674,3772487.4237286947,-6484499.296519231,6407452.907355089,-3149812.904293185
1077,2031541851.4262655,1174906033.340971,1072614969.9563386,177060575.659666,324362452.9892971,514133166.3194942,59336855.136493444,104455858.14765286,53950565.23803367
1725,265247368567.98795,187574179378.918,87663605839.84157,29696705486.320507,35543433572.79607,45551802236.10564,3354094700.821821,27156094731.825165,1570989597.4215424
311,986991380.2763926,449123123.1840412,437431021.151932,107210479.67680146,323187669.39852995,479091659.00151426,-3656990.8871609373,117148382.72870727,10181257.951970803
1447,152617354.69625247,61845603.229211554,119541053.65728104,5723270.793578701,5463048.404076821,7483914.156189748,-11201178.379711578,24255547.005474266,-5468733.549428489
1694,5621814769.946909,4057778336.944092,-671703276.8405343,60961060.50765222,125283021.77007332,207428265.0684765,39169213.333517976,291634997.67367405,-185897005.85171595
386,26364776.025580708,19190206.848096605,16513659.966010684,-249824.95984744557,466016.866444876,414400.3746530683,-5905510.704323469,3459029.1728540673,-3149812.904293185
1767,28380553.587074675,19286447.968477286,6146678.3849075325,1091951.9797409729,2162559.857119601,1805027.6060557754,-5648781.560583834,2778267.2158349818,-3093038.3825317253
1648,2823054627.7657704,2361037766.602065,561925461.9275372,103330574.37723787,413853203.1847927,512974361.9315435,5922862.542186906,60785648.23311164,22969853.754272364
1650,5250197611.423544,3838989659.798306,1570599532.5826843,309603183.38875693,-37577157.29005284,315115575.7323255,85601923.2700107,321758327.61462814,79053699.91387914
258,189243671.34348714,217919513.86865896,80200306.2999728,15176144.427495733,55962311.78024042,76533957.04841164,7005610.55213515,12476877.086685749,1461311.5912096263
1990,-9893423718.246817,-8826370080.463526,-1168009328.2287385,969041005.7539791,8920370381.724215,8447238530.587401,49256791.22650742,1296814845.1704288,16269866.057800176
1445,635932788.5095618,279215165.44958824,285220022.0891302,114165194.5669968,-11364348.774728203,97396420.03412513,13907734.809123073,98404030.99777912,-952003.4318913071
216,1149771098.898869,1049464947.8550321,186490371.8599236,206630780.10159838,43550768.6670446,242887806.33841062,-1535070.6633846376,258882426.31863067,-9711194.166221589
167,165554021.9345203,181867156.3633872,40986280.39161922,18125344.391903613,1404177.844237039,22879653.723888706,-24830532.185304247,30511759.521733455,-18161502.62725753
1510,37907039.28091726,26286612.27660583,9054648.685476478,3866634.1247555413,1229203.9192166708,4543360.418252955,-5055142.551462252,3586478.360223315,-1554248.1709112
1246,2541540676.009879,2154608233.12781,830296823.8956265,247498277.24299315,5927111.107749148,263842657.615451,22410856.276844107,190571551.21847978,39261409.17209035
2012,511625721.43091375,81246155.78776157,301767352.76554435,24299519.266368937,37338609.75516307,50922555.979385205,-11732134.691626733,26877901.664494187,8240754.215511745
872,59023816.47719112,34760272.63223943,34409319.16661901,4062388.5048846994,13663065.454731897,14325422.127583856,-5703664.40529872,7091895.501804534,-1554248.1709112
1831,441193629.26532453,293910647.5824991,57066952.74907173,47438071.62186129,42054692.42565157,76025489.0082172,3911080.85630584,50610684.95011022,-2070804.8913798572
1068,25651907.791739956,19992543.863111213,7994771.076464673,1927488.3899672586,466016.866444876,1660137.873763866,-3840723.396348297,2607973.761879776,-1065664.0059477822
1281,616419260.5272592,300750612.06005657,315232818.0602226,22577953.68975638,27751393.036343094,37658730.25396221,12041136.65515215,17292432.02718387,376428.6449308693
1299,52996226.591196865,20787810.752310965,33848330.90505138,649908.481732731,5482187.725603449,5286263.544923135,1321788.8514666506,4828415.868669675,-2545938.5542658283
1582,38660502.13321989,30270552.15486368,-257283.81276308344,1577307.0733558852,6594504.8795614485,7342450.781051821,-6850401.499260476,5259709.432866377,-3250195.762701431
1003,629438299.3784153,217797023.92708212,392321442.8848206,3776581.9154717876,6197562.105778096,8062448.918321423,-128504343.65309039,76347402.59155473,-98659371.12087299
1509,6562822726.933023,3069529022.781543,1697639119.2296312,673837555.1569582,-11706056.698719507,622433405.869807,36513344.31434287,634620389.3391023,32579565.986317202
1437,31475324.95133629,39109404.60115436,49514794.03778562,338842.8315029068,827269.5353970433,1388476.77514841,11131901.561702255,21365668.787652455,-21937702.83283522
1153,176050674.833136,88001157.79532325,49407948.60241587,14180339.848754982,8123477.47024881,24108629.33752101,-12761779.761347612,36166364.83416526,-13556771.164245015
571,506777795.35925,81734577.56296144,376253671.60566497,24475579.5794479,15219616.47263869,37106431.760709934,-9696785.42048756,36646770.99944175,-6609642.077133392
769,208055180.13610637,279261867.7580533,-111716860.29343194,-1407002.0840155885,48380740.60042126,21964362.53791588,-10071059.972877832,6206224.964248516,-8160646.583782827
2001,517390968.19365346,132358368.15601766,391947559.7235047,39318300.22953753,1857624.8703624036,31727797.08386948,-19904166.315044306,56315636.7611107,-21573030.850381505
307,159808457.5981306,195722076.4458135,-3924454.3637379687,13446555.05092554,44251208.405302376,62493202.807976216,-16176794.970617367,14550206.386231743,-2202012.3201942286
2,508615856.9814175,56662703.03672102,476052242.91643935,5734367.187118514,643951.3170092677,8973464.28233328,-20483927.33799462,37744338.88209757,-26411695.60815465
1192,15226398633.871721,9967567395.262407,4891555137.500903,1273382287.7403388,4817011380.02185,6097177909.603787,320922090.5468562,918498392.3097448,401807180.75553083
357,25651907.791739956,19286447.968477286,7994771.076464673,-273638.6702370992,466016.866444876,155765.9093336886,-5674969.69484398,2607973.761879776,-3149812.904293185
1017,24326574499.593613,34267806052.01135,46112765702.83106,2105358457.973018,4576752677.480426,7022675968.880979,1089469272.9903266,966556977.2365205,1491745200.9102943
270,32227938.328543387,27585695.993294153,9365665.652239755,1006279.4785799226,1180314.1550985223,1538309.343822547,-6536884.751920687,7936900.266761408,-5795216.527847007
1479,52012445.61985406,46327569.429920726,-14413412.994112613,3287282.926972059,29236746.361008786,27072475.56605085,-14505888.088537466,17097189.421501566,-17055177.901256125
1821,1051243204.4949615,145686088.5870289,874432089.642875,57661456.27465777,51755811.900169715,89059303.46865606,559632.3391543485,28963924.07904077,14261911.870095773
1544,384955107.5211607,102899579.94557877,261238921.13356426,21824973.4561146,39482294.32424226,57896753.958342105,-24119891.642037746,56101808.41695662,-26689978.688336473
1647,25651907.791739956,21659972.213964928,7994771.076464673,-273638.6702370992,678551.639775656,414400.3746530683,-5438510.476925834,2872685.8245274276,-3149812.904293185
1407,68764650.89173974,27891167.56241943,66226800.85300674,5507740.423858054,7331730.647591641,11277790.877766859,9764604.476885524,5935126.547442624,880428.6062809242
771,121813802.88684702,26619651.02286893,96115353.6309238,2506966.4717537956,1074619.8217195992,2803237.7733392185,-11094751.676471457,16352219.648935165,-14528971.239346879
1176,2825108833.243591,2960282242.0900187,1779621253.121672,89635543.99808234,941004933.8591292,1032467258.6529567,63576978.14505979,30499429.199543737,85463768.89735642
1442,159574108504.93808,85287709976.61905,10952245885.152445,13654638709.939444,2448499834.0979853,12929760455.910154,2786656387.6087584,8623358311.165548,4337082275.98856
55,7805901556.394921,5429702330.286536,2202147706.8862524,238460518.55723593,1394466669.0937674,1695918760.7981524,170600408.0099562,95621339.1315572,187963337.5396488
392,23128678077.33092,10062194536.228281,6100878439.702266,704928635.5017737,2191610293.925882,2885170314.592762,338388959.2344105,307178427.99697596,501638657.1711324
775,41901390.26008789,31327730.725877546,20468769.549172804,1361785.873381989,2081172.4818618952,3267207.570537044,-5217094.296497058,4860574.469220928,-4155960.0868203887
870,170354239.20234585,46695028.53640856,151361048.81568757,1999221.6539732139,1071659.2961755753,2311131.354411931,-20187697.48959479,29975183.67125914,-22165213.226168506
1446,72205370.28110255,27647523.819791924,28469872.140784554,6060951.304226987,6994787.770236081,18893615.325438432,3251198.7320304597,8842278.337426314,-2714457.8223283556
407,6800928010.478259,5097625633.511569,3305283901.9529657,-35412982.85681261,211973411.00971237,294402614.5244768,71000432.1998756,916200951.5811743,-1136893260.2778535
329,25651907.791739956,19831221.564196993,7994771.076464673,-249824.95984744557,466016.866444876,387855.37776080595,-6435011.316029162,2648772.610702435,-2069219.0554362868
642,46450483715.13959,23754463606.965958,6068904300.098178,1726728204.9395564,1591518406.7191565,3525060054.8709054,-1346746727.3016443,976444470.5851349,907806295.0687137
983,17019077685.498898,8978075972.728853,7563268688.009874,896027126.9308413,3507003448.492026,4428548051.975487,340772969.40950394,405150180.45540994,478521668.57705015
1977,3817475973.87991,1553056435.3852878,2237458945.4644504,319773572.9686592,567209893.3257867,869307801.850373,143621804.6057276,67529253.83293913,216581559.78209254
946,3855196635.7589207,229605361.0499349,2675469104.7846446,559864654.3365631,1864159976.276172,2438165426.0410533,446570986.5534706,155077651.4494162,537829845.54369
1968,8018101849.945068,4049384287.644498,3457362746.361637,536450835.1606839,1032016498.0256106,1376207381.9118528,258891354.84335956,206531694.6766997,317699814.49804443
549,1624213406.7407577,1017261167.5040569,531568306.54617405,92411340.12515973,87288069.9270781,184108456.07685187,13637504.53682059,62346902.237377405,29628028.51925222
1589,138005760.55080193,34621147.000237904,70558273.54053682,301526.7110873047,640990.7914652438,571345.2715206579,-14681819.56684215,19916840.517825626,-14098845.537507247
1188,57655446265.54277,30155301302.337246,22405017491.496574,1529321711.3197606,5697426777.744801,8114579004.484647,-318055907.96908844,1866172751.4782798,313731253.19994956
430,88498957.6219256,27737334.64484848,67065610.76999263,10674894.06746834,3345284.833230818,14029817.367951674,13515072.219776142,10410475.428384338,-2933882.166020642
1241,63342147.25439739,38699174.77962642,18740906.18522286,4003300.0742725516,1329943.6727083751,6687723.392468201,-4978327.407836526,4845750.816217561,-1729193.9084609626
425,2191424165.7422256,1796766506.6670609,396540227.93069774,8408800.540433045,165872467.36418214,282827932.56656086,-87378708.96664868,98328444.00649214,-76988963.9316262
443,142411813465.52908,91959624407.13881,69409175519.75066,7863904319.531173,8837042861.339767,12845500715.445372,329660501.22234124,5817761122.886268,-581754446.39406
1146,7766902702.487413,5090575543.534066,4318809967.810716,2535630600.868824,2189333984.2948246,4839119546.872668,1471212942.812422,708916187.5171136,1166362770.0100293
1050,25651907.791739956,20868090.492781848,7994771.076464673,619365.1932519444,1721367.2670751335,635646.1409559497,-5797492.929980554,2901357.331758575,-3093038.3825317253
1315,90030172.73532145,90098188.26539025,-24513939.548431486,5550247.371725229,2759897.5490476387,9284280.930926146,-17218344.533078093,21642628.26053614,-19261036.007619385
1676,13950202664.652433,9730409807.165743,4308646863.901035,1309487566.1263022,2265029383.654286,3204973575.6211596,-242376835.49292034,1184927812.6547837,-145199091.93298283
1952,37907039.28091726,25356631.38454519,3909068.2736749183,3287282.926972059,1329943.6727083751,4543360.418252955,-6699237.738358083,4865463.546331151,-3468496.640739881
1553,3686739615.9664025,5280529939.043986,-271810181.0901374,2904305684.77067,955579530.5304507,2263342450.412539,271945328.2042894,2676203185.606899,-1112331795.4104207
47,1303060956.7509675,607267220.721714,437406497.99431074,126361761.1847754,68742721.7871027,179471692.60973746,1688850.4758754077,188469629.28556344,-56161586.52378578
1773,1912178786.2136075,970656904.9173334,945625739.0381942,66541566.15762427,56348778.38362114,119733302.43322268,-47624247.2541886,111933166.57283871,-41721967.32134132
876,170166614.43110198,75614640.49509767,73118217.60824388,25087084.707184628,50705784.139112845,66723653.40520106,20145513.26102236,18405568.4342079,14408226.433677439
1807,46667241.8062644,25475837.541111592,12127925.302991726,4324323.334744642,6945388.320114448,9824125.85259989,-4980759.446103226,9508229.665877389,-4879746.852052968
1245,9342640768.858978,4455825012.874554,2543587045.6867642,837052924.7762859,4071055428.2440476,4802597796.460455,84710659.0695149,885983927.476094,189474076.2899463
414,8683318905.628311,5496207789.917122,2547328681.629544,-78720595.16680473,467396841.3835938,651065583.7839493,-1029512241.6557952,171551643.77721816,-586897377.0425029
1062,10348974399.000267,14269966577.233969,4015341034.562332,2834199263.9259377,4754972311.063679,7703487347.499578,1046856473.7761086,953350480.056854,883377633.2270517
14,50420562.0006484,25475837.541111592,29277370.63259996,1104720.286866857,1071659.2961755753,6819255.173895689,-7001740.0511972895,8118699.9709297335,-5017778.922897379
1971,3942983885.426986,1877022857.7317402,2043770397.645989,234488927.95114708,601917880.6014731,865536779.3648059,119012610.27091026,128156573.6461816,120929305.79603605
1627,264988535.10512456,77617626.17030041,219905714.55469686,55535223.82562712,13950278.827311559,72963484.62668955,-3278097.5947030364,58212594.77657113,-5350822.309295335
1439,7137626214.318022,4722646021.157324,2169198127.708657,259636332.4479725,304303168.68126976,550320971.5207993,27435886.30550343,59140819.02924957,196690782.75721884
1893,291710478.62575114,212341571.31843483,117567089.04234423,26769522.961962115,93406972.69877903,125109777.76559794,24776971.02660411,21831646.95201623,18201917.535559174
1689,56515289.19656277,107407018.88604738,-80871290.03020191,627859.9397721405,2087756.0949818527,4735508.622274381,-572851.9798317744,3425467.8688476062,-3280216.1449504667
1040,70932707.80734263,36680743.66850619,22887574.35923109,7549547.489495312,17767905.923847653,24274135.037602976,4513673.249915462,5439604.19995712,452488.02248475485
1106,1445785868.3340545,652168516.8488121,844397646.0711086,120124303.71868104,314510889.85323656,304488112.084156,46905652.75028844,58159375.412847966,58920351.05749184
1861,1042675518.64401,383255318.6395002,732233096.6304178,19561398.38859388,81279817.58092813,97226586.77324425,3930595.842275363,23965308.24037362,-785944.8638086412
1363,3616194870.9697456,2732389052.9027147,1059494011.7330419,580264901.3519887,1286196811.6658714,1809867995.629748,277650390.6446039,329541894.553783,256659967.1847587
1867,57421425.154084295,27662135.871616464,35768355.34749977,7539773.860288504,2533276.942423892,7192062.779644579,-453568.936973514,4074581.359369315,1938784.1986571583
973,2564257187.744329,4016169422.2688055,3346072544.078803,189899620.62593368,5199473276.024473,5810562394.101453,90607527.345635,5390510552.280935,-5861165518.919957
1551,2119878748.7350576,805919529.9973861,1383445346.340475,252280348.22860473,295903444.8078975,509439321.75351423,102307963.14496812,141950769.64621133,109312052.71718292
1567,3824550493.1177225,2438079608.1693745,1112408165.284083,559263613.1249529,78689929.78610417,594854291.6830539,70389378.59853925,393884035.90142024,69290615.2066022
1833,60101576.67162044,26286612.27660583,47675461.53218208,3287282.926972059,1404177.844237039,4829079.507155914,-6840891.69482519,7867292.888743795,-1938429.3890059553
404,502473786.36234194,96269862.81612216,259554148.6091706,25047885.01214475,-6887193.17804643,21624723.28639308,-50111926.62218431,64706361.08237445,-31765660.61287537
133,468182499.7746059,252484951.5968845,196206736.13800067,23315527.799281202,79384653.89460072,88700360.96998213,-57919199.267933734,89275699.23230349,-45982210.81834466
1792,5391654577.273101,2445509567.8932905,3386923279.525742,788083692.3850477,93489760.87672067,923923584.7235856,262007524.0652176,710731035.4668274,154388473.35407272
1945,4232634508.689252,2297758920.6006684,2077890839.3597724,315034769.1741905,1134440568.3631575,1449847955.533536,90566505.50906493,219650831.76319322,84662030.61441343
415,1217912362.8408673,691713621.7463183,420136168.6031824,97643789.08807935,64970889.45581711,122009817.86518666,-21417978.34924073,104495569.61188309,-14936719.685447877
1156,17174068280.393024,9226655622.34663,7568360922.4930315,666746302.7721266,5256744524.377538,6507324395.920361,488446409.06193954,130605470.21582587,585745036.9769922
1367,443457935.7365986,121646634.88461737,35406278.67859883,51312804.30243703,105107487.76452598,172275645.95840538,-10789229.326301465,170659773.12175184,-97906905.58590299
1732,9918852088.85336,6450232263.481592,3728673135.6034317,374355338.13759065,1273933635.6495657,1718933067.445531,274857046.0064993,128001721.79791474,246587638.07428676
2010,56963715.52796543,27714146.114663787,42859008.99005791,1344199.0095702908,28822660.778397426,25983654.212077115,-7459327.4385129465,7751637.941122915,-2713445.007819851
161,14197957507.193176,8317572694.871958,2065731473.025808,675993273.7968693,2331223035.8407936,3130319935.5515423,318897815.01836175,155109778.7179192,452581870.3658514
842,1537120159.3749566,725993383.0467578,124253202.19911261,-61209085.578337856,23865837.68529575,33424704.579539716,-82309032.06910555,63033876.60641677,-129355834.75324734
338,493905915.76824105,256667035.81784245,343825424.72053254,10518581.869480694,28297192.92445779,35502477.08880147,-31611014.656809866,15888957.710238475,-13989848.359430136
1717,137032819.06875148,64233939.33235348,67130992.77533805,168326.4331033895,1814021.2059090072,18050455.981435873,-24480369.121785812,19330850.15523738,-20728028.405938473
551,2260707383.7668934,1318159126.6301222,1166130755.6912787,273445204.42374283,896819495.9261329,1335994616.8885436,-51454643.724337615,387179408.59595513,-23453784.91233621
1440,1298614212.7564886,545883038.5101216,788288802.8026178,19750848.817133028,532726.9825023549,15538332.719905803,-84297313.36873563,116421178.42328507,-68808682.53583415
1335,7044862420.918815,5644345428.153041,1256066995.566418,109889219.08358304,1290375845.6241326,1517647568.145939,10536215.719435642,122004860.23601435,1043007.7452711733
1574,620898738.0370765,441746714.3118037,301508332.5683899,50254050.93356728,43526381.969214864,97996788.09416065,20277109.99010376,33609066.20312506,23118615.25550272
627,26364776.025580708,19992543.863111213,21590909.548561558,201135.40563335735,640990.7914652438,1002018.4554098597,-5865778.460261562,4246628.78719598,-3307309.4828540063
1429,1074833851.7131088,731715808.1566668,377959898.810545,121190414.17449394,305426699.6931358,398576769.64204,28663966.681765646,84458136.96623082,49141717.100430645
424,811768721.6833929,109709766.43099408,703001173.7727011,4791851.046916735,-230654.54355623212,5718427.860042351,-60326965.93810062,56624724.624147594,-48972746.14394011
1055,856384844.8694787,116974815.14062855,343442629.9594777,-12783838.129386736,72437349.67403391,56786161.91630719,-69344899.36102486,85089100.96881197,-74911124.21465246
1312,670544999.0278577,274170606.9637668,530253720.10852426,83770900.38482964,112779719.50369835,186161672.41254824,35673339.0796227,52020850.699200474,35706560.34214629
221,40523394.5551475,25475837.541111592,12127925.302991726,2180671.851818752,5657896.774114115,6175737.510714641,-5902827.582330937,6153983.982238437,-3236072.7671457357
1914,1650416108.228405,611250917.0589721,1069873453.8241707,86352725.91932859,158683342.52483013,245927972.39754778,45961120.257818446,35490310.178039074,46114843.44925826
397,9053054070.089304,5591962986.80982,2742005908.9001236,978841535.4528613,1673768337.5757735,3126018121.60603,324320294.19342655,737919595.649179,350800700.40963876
293,1265875563.9632578,2016739043.8449502,-239478148.48257202,51357646.8313651,86163998.70962983,164177233.47975224,-52884032.22435223,228263108.04587826,-164429905.1990745
548,1634030569.2439404,537641131.9300051,1108358003.4648628,133255209.57133463,277105799.408109,373603325.1251449,48197105.82778183,78842941.41129236,46006947.85854783
248,90219266.52874601,42832623.486984506,49122306.47704639,1563604.7174850698,1074619.8217195992,6421990.19206345,-14187765.308779435,11224985.6749553,-14001027.9885909
20,340000953.72874206,45762269.4009969,321458190.2204658,5344872.322612946,1998027.8088254002,6458226.531153307,-21530066.986178976,37333666.007573016,-26803639.589823045
873,577310912.0473338,311737843.0619495,275718784.57363784,45693262.166709706,243553976.53212884,295335831.4531909,-6603401.49234144,49560933.61275726,-2474004.331219391
1740,70614735.80580433,59282988.9592852,8359779.219515192,10474996.232457072,7723194.579574172,20329250.62204757,-5554349.75245416,11552817.346650038,-3894113.0006337576
301,70230096.82030918,30715817.503342118,55799319.2956469,4536947.520773682,2484554.3198469277,6490306.254136566,4616323.183431689,6518476.108583829,-391117.04782455193
645,69086780.85821584,28693488.430142537,25527583.532499004,4148182.5561027005,8706825.274128756,11049557.123317467,15512172.080310373,4248366.196840615,155982.78044134393
39,304529942.291258,-29311531.512679815,293949810.2486813,4202631.553334043,-3204686.9238853683,33127435.976128865,-7008766.224460075,10743523.812244132,1088367.9624756419
1238,931253182.4562993,356722240.36503017,571561389.1246358,123454853.51948605,24958042.214881808,143593598.82840195,48356810.95790025,68436188.1671297,52708719.95712545
255,-21194364590.581097,11733340787.066095,43647280484.42748,2042062375.6993701,2973487502.39612,5199618258.5242,-120120825.26801106,626985929.5521677,837232030.7022015
1776,2708270657.030134,3570116708.233645,-521192467.7763989,525389464.3351036,126962578.99054794,583280953.3728663,59648265.25373063,430018257.93662304,59438119.94649529
1962,159170066.1743376,-22857687.256647978,94708653.7467683,42931230.87737261,29047670.29735491,69510061.1021317,-5705224.332043242,49005069.332816385,-1149016.99161437
1919,2118217859.3310895,1596545853.2282352,991836200.8673561,508337439.5325088,598165.2419003672,496425227.08350474,32734135.398088034,424104164.8016986,20483121.415003948
630,32166180.714807633,24673500.52609699,1890243.3708523375,1961266.1439039737,2432537.188932188,4449022.832618371,-7102586.984730232,3350592.8926717187,-2536006.879539758
95,45903197.79478574,37984641.164512865,1890243.3708523375,1104720.286866857,899645.8966992308,1538309.343822547,-6649803.028772424,6306322.816140972,-5581996.259908257
1079,3641730378.2306986,1119295413.8811085,3132729953.0222063,806504567.5081878,-26570355.9341903,824802225.4622488,-83366995.81504403,194901605.97579277,764299044.9807868
1393,437037477.34948224,303041639.0932534,82733289.45983098,15130648.961992629,-592747.2548870627,26572560.714321222,4844080.719929294,10079031.808279566,2361145.9852611814
1303,7922514052.846078,4761629200.738697,3188143685.4989657,293669842.6498491,584102993.6971391,910825515.9913667,179498610.6425951,196732315.15325058,86269207.4200688
1528,10962340767.901999,6744961347.216022,1999085733.333478,530127035.6757158,1827807633.1077461,2449840376.6521826,317819174.315571,173878091.92449242,255340209.86554337
706,525851182.60544306,457930159.99721646,-3834416.256872638,108098133.02840507,-40615198.703470185,40724209.655968964,16050064.21251947,95989598.19773318,9310852.352908082
152,1097302689.9008448,348976223.6481618,762883975.3014464,294889373.2944692,31276670.26621886,316809129.41793495,28519813.748895243,344263947.21078,7829237.323842685
1112,56756571.47027385,26158968.3995598,39110678.05496891,3287282.926972059,17437003.20562064,9863995.380302364,-8740867.896812243,6204117.396480736,-2416067.006988196
804,11041762786.217659,5593925343.391706,5881975723.967441,424833641.60993844,809845802.6625206,1211672457.043266,29144647.680007063,353678714.5235585,73755026.17074189
63,322775919.578234,68354329.06170964,213429492.33646643,8911813.338254126,10052280.733563347,22558447.40591711,-15760823.072917318,30938129.053876802,-15239392.125783052
48,2475226840.759917,627551002.5399494,1675777959.02853,267079881.60922483,26934717.190438274,238615245.60875848,-54053289.45236666,293354791.19624627,-17397393.08926838
902,2024176641.4542763,955669750.750949,451533217.4154737,163830714.64818266,681950442.9591669,903803705.6953349,39395745.38960623,117771021.10919559,30771513.438476484
19,2692918429.8172793,2073669308.2943454,872923683.547519,441527339.7683275,45720283.41050375,404084164.3227578,14994088.111401964,421212227.86008877,13251405.971521098
906,1482752646.025438,999796875.7350245,417118775.5340954,127640789.76163478,99331374.50686039,221228815.39133903,-2977115.2356745205,130306940.68303666,2369384.3075006464
1344,65311596.0784144,62528320.69485273,8493660.42390883,3889475.3138716253,827269.5353970433,9604725.566741003,2583208.1961197867,14112606.843260398,16367.411900502946
567,87114477703.89203,64677586548.92172,42446572985.53539,4189492913.0624013,9917114847.177551,16983602389.19886,1997103680.1722674,1531690263.848357,3266224200.153674
661,37907039.28091726,26286612.27660583,10207871.911072332,3287282.926972059,1229203.9192166708,4543360.418252955,-521189.9759177843,3321766.2975756647,-1612321.003551469
1358,2191424165.7422256,1796766506.6670609,396540227.93069774,8408800.540433045,165872467.36418214,282827932.56656086,-87378708.96664868,98328444.00649214,-76988963.9316262
1751,57369245.03811761,38795415.90000711,-215565.2223454524,3311096.637361713,1474474.322966311,4774582.441147226,-5983483.871020284,4264760.23413966,-2812258.8772722576
1541,40926667.85350185,26286612.27660583,14771763.803226886,2955815.849864537,29118546.65503852,28381292.495627414,-6903119.775390261,5739876.6855754955,-4261963.21849601
893,21332501711.582417,6478792210.181544,13860774018.91315,620170582.6390535,848580970.7427188,1548639325.639312,-26298727.498380605,479621250.66978806,184077807.91916853
124,82014496.17237614,31097229.55445303,56590987.27209725,12984311.58270809,3198137.394605281,15985536.330526505,-10335189.240700528,18919558.78253821,-9669884.855719252
1923,3612816364.1686463,5530230422.413912,-2535202963.3835154,952987481.3048726,2239865137.6415415,3244341241.2933774,-354980118.75286126,1141152109.7649183,-307780342.3443526
519,807240607.6212116,133071385.65408956,726237318.7837365,12461513.73824271,8018216.342127691,69448997.22926651,-12721608.458939433,8838270.476510642,920005.2954735694
827,832856191.1567765,430975153.0870518,463642992.2681484,94437761.41755189,44903353.19230828,153328028.1650932,12162396.13537485,48525155.55321542,33156656.642264172
1804,25651907.791739956,19831221.564196993,7994771.076464673,-249824.95984744557,466016.866444876,155765.9093336886,1428150.1309205883,2771862.7266260283,-2069219.0554362868
520,224219542.8218247,62914472.10889352,262683922.45087576,19767321.085077036,27282227.21678338,54462720.307115905,15282595.310851213,11782360.02139886,-763773.3798668472
1813,41356655.05231101,30047272.635672234,-11541396.725923385,3287282.926972059,1468930.1066778847,4463469.032991348,-5290227.21921162,3767272.413700327,-2064497.2562749574
968,51804977645.79875,31012772347.136074,7814693480.291634,933242105.3972912,2437101181.3295574,3491439619.924931,188473035.7705404,791037197.281583,98549474.73884998
1091,956763057.3112702,700048034.4627002,118896670.54826683,54216553.61018702,175134455.2967638,223074423.09484142,3520962.37171174,62379766.849477775,-12513881.460296744
1227,163757542.21680918,72208719.43577911,96281301.39045373,23420987.715665203,11757140.19829852,33295412.347764183,-5233109.049545606,28236645.339682043,-2709342.895035788
1979,40069020.00135206,28315971.691336364,15904844.437857242,1590797.814453724,1121694.8901126888,1781057.7661534487,-5522665.0168091105,5467314.576445778,-3466970.8157793796
1946,940123407.6174946,139783693.22669038,828612746.8501147,70725514.34961738,18770943.265495125,101768444.31539594,7078256.281206742,59973162.242060296,1248161.0289031132
726,5827139742.010398,3081531275.4660416,2053707725.1175435,787834897.1867691,623199353.1599426,1524420144.18798,102950672.77769661,749726832.0668436,44090643.69362286
1512,43319069.21662012,19190206.848096605,25664536.342148688,2966011.666774886,9827271.214605864,8412142.896663118,-6438387.999348592,6249045.971807788,-3314855.150015336
184,85607959912.79099,34553232991.754295,29609713076.135586,1121786412.961513,2134232880.917859,3936847695.419484,-1120384702.8084056,1283867049.6668172,587516215.7971169
727,878180344.4042256,604455716.1383542,432996737.01729643,161354718.33438894,312566017.68665934,412824094.0106929,35897522.89303943,104414961.68723278,45197220.024657026
663,35506404.17480823,25122033.001436003,10207871.911072332,2668589.1127986885,2533276.942423892,4734912.950907615,-5507828.019542222,2912363.2694231644,-648600.0596040629
1872,952105364.8456235,464641519.0115999,388162327.2174303,42039852.16781487,115853791.55233988,164590719.95823565,-4358615.571498984,29139877.272168797,13802845.205030715
1332,879510652.2089231,444976401.17270875,322677535.5585832,58535574.4307027,13572766.430069515,44303594.89004594,5920723.665213004,45598334.55174495,14328854.30422482
128,3556703638.27749,1812784265.331312,1843010898.7510357,293657986.2322913,32846242.6307816,369942802.1883764,60623555.03580542,282433444.655136,34634435.76348596
232,424407207.9796939,201134923.29001325,236114420.11022964,399756.7964952102,643951.3170092677,3439791.816746495,-33814659.02428161,31020420.320977736,-30391982.242813297
1213,3347074384.1282735,2201855832.0788198,849338954.4520781,51116460.3403893,272354070.56498694,318930681.98423517,10699542.309635093,48489872.36174585,34494981.01025039
318,71972218.34146178,53456501.47627117,43454829.67415237,11119753.883178474,45572268.066999584,35769238.703238115,2892938.3435144452,7892322.593803353,-3128222.343739302
899,449290235.01596177,271920861.07954687,130772163.70725644,28822169.744096883,-151877.17782084103,27140058.625459306,-9376635.09057002,62402628.81881143,-17555454.533493
1006,-135431731999.75046,-26344363906.18634,-98984830716.03957,-339580879.2661241,4539707012.2229,4343905932.585601,-1697626821.1702065,444600115.12448686,-659094762.429365
1292,417358627.7386618,52389154.26066274,266042915.41243815,12696803.258192226,45735822.82484161,49290414.783370316,-11105590.680831553,55167647.89609149,-51404915.71700325
1926,37497823.932596944,24577259.405716296,38027995.744109824,4907628.2490123715,1329943.6727083751,5462319.627055843,-851979.8999264657,3497603.05561401,-249885.81170649972
1808,154879670.34041414,33384312.280516222,63419433.730604276,3311096.637361713,1404177.844237039,4618435.527080113,-17793893.715387914,16659688.367682625,-16220277.978265435
525,22050420889.0353,14200647946.365011,5914916695.192263,2114165390.511557,5426450420.1831455,9408373474.99887,411288267.76835454,1406484494.0636163,470058279.15860754
1599,488002478.97113204,269853551.16627395,48684318.80255264,68463445.35959929,186970581.30526483,249169267.10339347,37135311.52101712,26837907.860060357,44284706.81860002
1094,27667685.353233926,19190206.848096605,-427506.73604315263,1086572.2807810921,14090629.265347503,17424093.666730084,16981104.477873106,3365218.0802439707,-2545938.5542658283
266,4087337600.52099,2599154649.43552,254989627.7729273,653494223.885618,-51063489.026067436,611258478.6749517,-54022477.809017494,753702831.1639386,-88596840.23317893
401,828196688.4998848,340708861.22355497,341567066.1024285,45069687.52126142,186160623.94946137,277237388.17130774,-63845338.00155151,118869423.16338557,-68130684.08154325
752,2409402466.257527,702473706.030906,1697360698.5458567,170267726.81990767,220367394.1715856,389959358.6257992,89692959.12941623,24083148.39335724,140724789.3154204
1351,55264889.29035578,34760272.63223943,9054648.685476478,4033773.090146993,5657896.774114115,9418132.996881312,-5086325.816614974,8460256.161094787,-3202204.2823292413
1318,22301655451.278477,16866553991.915916,8452189234.676169,832400403.9395959,3461583138.7130103,4668831490.7914505,927197355.8325412,4813512842.6037035,-5005185401.079666
934,6591706083.286686,7478033746.153562,-643788750.4941139,396779836.769307,50738939.59529789,488714822.6470943,191104402.41497934,784553674.763765,-370722325.7565643
1475,1191355549.210415,17063865.926088404,1116668289.6939132,-4899330.667197886,-4527358.137406893,2850537.8026993615,-81288552.70855346,142010599.32654837,-130859256.33205935
932,17506164037.99843,15621730814.944235,794881690.6820936,3241369324.0290713,-54235690.373974465,3075518637.652278,398972600.41743225,2718331479.584472,445586177.2057593
686,144430193.31357116,152155501.84856793,174063464.91738126,3568162.223876844,2111522.8755581332,8683682.20603044,8336075.808803958,4142085.60045156,-1007148.3426453031
170,50919770.533324994,32439748.277781017,10207871.911072332,14222946.536566846,1138995.249360823,13700227.38116526,-5304842.1450184835,3556772.287987637,-2224786.483009977
381,196948827.79557872,97058078.60211296,74468655.71208625,3367537.1102828993,30542239.917454485,31496498.482411407,-42715244.74700138,29897583.31311369,-31856746.855844874
1842,66938778.44362924,64825722.2260428,18726760.80061835,5760126.074480895,14812084.972710595,21834566.537886452,1370250.8088278896,6564655.29136922,415053.3730324763
887,5763581355.111499,4278459922.947162,735619945.0139744,334307501.320412,499268762.3442038,850761572.8452773,181338616.17439112,255055799.51182693,45263538.886616975
1835,1318103366.5007102,813327135.1684439,495893841.64292824,222032961.01706892,252441859.27278927,503675450.5344443,2892179.7346158274,287788465.4623208,17875121.009362213
68,351598544.5837015,177611765.9948814,186910551.9372093,1259730.869312573,1751459.5484801068,3577679.7214920963,-55667510.696860746,11342912.062270151,-8751477.66630491
612,281483525.4817266,206981456.22515324,97152950.10164605,49582371.306981966,9863082.621318566,54069277.18930439,-14647394.636677092,62539351.05546685,-14780499.241593821
1710,193862057.49562162,46660608.81393359,203029824.49857816,6244365.563219919,640990.7914652438,4955950.782625698,-11237546.866807148,29440851.83335593,-10615123.471670544
189,-91041553443.81744,-15815645433.174358,35776307809.203545,8049791317.048076,4080994677.196219,10991343903.509048,1630151384.134155,2972665855.5688186,4090731948.743452
1704,9327206586.795635,4569478883.6830015,4130057628.351672,593214662.2178986,348097094.4950348,895536862.4313414,126817304.68341552,751262769.4949998,-146966415.50364915
215,95510289.97618505,25475837.541111592,50275529.70264225,1104720.286866857,1074619.8217195992,3405246.4761095103,-12097910.27443938,6843737.450708302,-4118540.827804857
770,1612207041.782868,944216161.0124458,734912220.1116477,153830954.29349568,223378796.85626584,261578665.52691692,47723442.20049981,89464920.52712646,51588250.69257507
1228,53894473.06624964,34664031.51185875,20393018.758262873,5783939.784870549,17950427.904818267,24647084.589430906,5463348.794679653,6463757.867902767,406583.4441144923
944,3439989181.2277946,1253631271.6559741,2892403599.328124,439973705.31812346,113465529.9808608,534760972.6670047,13593602.671344455,406185616.71150637,5310978.4303665245
506,36725648133.841064,23714325792.01024,19738541717.16323,1970821201.1213245,288936601.6208702,2810119055.647799,844724924.2287185,1535965078.5924988,957101877.1330694
974,9414234115.095835,4908737008.229749,3918298650.6473746,301919315.0055209,357007834.7038732,708726467.7180169,89102489.02806227,263811752.08142278,32203447.839279123
1508,6158759463.319739,2437683125.9537525,4621156749.573726,398949335.8101876,112687480.8602594,567825853.1951758,-498453395.71764386,375907498.7217736,-24195254.607695326
154,261571721186.9578,210519550122.33923,42825557123.78035,3004814382.646504,33970583454.672215,37620532029.35877,506337080.5799098,2839614201.0229654,48340841.525530934
1629,1305654662.309048,688266492.7712905,522186688.00660145,31663837.27907192,129770505.35853334,157717140.9179711,31936600.732349176,14152573.549164131,33920937.09502872
464,4455678567.918882,1981694555.0134892,919028717.3644942,255157944.39628056,2059024020.1497288,2421601727.0838237,240460698.0623796,47142706.82846028,196830639.82816356
1398,41356655.05231101,26190371.15622515,4762259.639041564,3287282.926972059,6115383.871279349,4954298.571981349,-6551602.141465957,5781915.71052727,-6962619.650705828
1513,1068225593.508171,155060474.86896065,602685988.2429802,111115892.15590994,1463758.9569208042,113627184.52004163,-52760280.28009429,145098097.6055132,-42441783.174727425
1158,11570774392.335836,4854377157.614518,3206770078.610195,388112396.80276763,572186666.9363123,1157436350.561005,65420834.203425474,186889011.0802122,218403493.38917598
1494,840564788.9704295,538732005.2674123,230126010.0792684,269272136.1780105,4638482.820769814,269753148.9261326,9397419.075536985,265825507.57365078,-3755556.2034198428
1997,37671281.708119236,29717135.292992923,-322857.46375532233,40425459.157873586,25313822.46395935,42765679.57386162,-6582884.536831614,46367173.81836621,-4415399.255558336
748,2210489221.151443,1144788118.1356454,1122738764.5123174,125760425.82334317,323965321.31357753,433721969.03050363,38283728.50416421,32356380.785276387,49111792.63451215
698,52652686776.78096,30257277628.835896,5249301408.857095,5759682414.724184,1392210409.2143993,6408507092.4368105,2363996419.6708374,2748566710.500426,4409551001.052501
1252,14776020148.62874,6352676186.109377,9087220004.457417,1337199098.0582318,691311928.8423178,2221030905.7299323,594274339.2422905,1684239793.1605775,122519617.07206939
317,75562953.48853754,27452640.494253952,49451159.43118104,4025070.658200466,2848998.934931416,8255336.975270507,3610272.3731499286,8027178.400023833,-1546734.8690089101
382,55574200.70579739,29495825.445157122,33256095.94102316,10949436.596597541,4047397.1903795353,11536383.084808057,-5640988.605178657,11550326.062039847,-3202204.2823292413
334,5204151994.9443035,1192022120.4648826,4495858566.641257,765228697.2215872,93129493.4819356,869875827.2132666,181385991.39999533,320766840.6245819,453215790.35060316
1065,43890071.53145225,20722972.388595633,7994771.076464673,-273638.6702370992,466016.866444876,155765.9093336886,-8259817.6328061065,8111245.982872251,-9975830.48781613
670,36784955.698756196,25475837.541111592,-13068864.747779468,1104720.286866857,896685.3711552069,1977421.7802653923,-10295307.383705536,8364363.148639571,-12562360.34149188
259,50756611.922594614,30038834.915192604,23804010.38316922,5095487.816936635,2884837.2105215616,9678482.487833103,-5272139.45113998,9276915.421360772,-4972000.538881718
1779,44676410.321500696,30918205.262009878,8210176.8103952035,-11982768.782061413,4873875.386876675,296002.08960196533,-11330074.906553,6916364.105543545,-10758731.712161127
836,215356813.93699813,148147853.75519702,74468655.71208625,15603869.371743666,9967629.031904178,34147361.94023877,-18904461.32187667,26726276.9543215,-13452815.118488897
725,100674318.57292426,55331017.12384542,71421056.67170292,-13863424.579512838,14490757.008861661,7615418.882259363,-21426354.010183852,9758014.433156397,-16816127.446295988
960,3549883171.7493033,603746673.6161852,1039247718.4484178,559431759.2314068,438631000.17930025,938429743.1818122,141780374.5979323,346047009.2570978,168289232.79783657
1302,1021970093.9677931,1742929742.8113515,-1063199314.1653467,85006456.2053694,241054774.68782496,305674978.37046415,57478714.33710688,8978401.608213946,85528800.30703877
800,23088134.4854064,19286447.968477286,-322857.46375532233,-249824.95984744557,466016.866444876,414400.3746530683,-7338508.625952662,4391107.615678924,-5797093.057047584
1340,4171845661.259775,2355474369.741915,2469649331.0322213,337265821.41934955,336224343.6116871,650682149.3570445,208520193.0563765,220613368.41898486,175424404.8278338
1938,230165923.20170385,39400037.12117024,237376688.97773284,5067703.373657904,1108609.635325126,6868800.882337956,-12205468.964189505,20063434.142332427,-14037464.162117042
962,1156265576.2988234,345245234.5968189,581433271.1479408,38990145.964985415,29348562.656366788,62606153.952544965,27865196.1448789,13870311.666215442,35620345.91568573
1257,3349362768.1356444,2779227343.7047024,521608597.61467266,103046736.74676383,-2023297.6800117102,33208740.21215564,129126926.45991147,169464279.3728082,-38021696.40870009
465,37561245.91839057,30038834.915192604,9054648.685476478,1707900.6366513202,896685.3711552069,3378161.852525931,-7728556.099600092,6585090.315145352,-6296257.4227155335
991,499199236.96735024,145251933.59350908,453617115.14511216,29024037.02738401,1384105.820271781,23644738.827376615,-57698503.20357747,70094522.34125648,-30492181.510655105
762,715574265.3960165,467409448.599493,279971230.5839348,52929068.79814868,18131391.035190355,63835747.920774415,-6809708.4296724675,56807780.428685755,-3062688.505534919
336,121100652.12998058,69290394.70905858,35200295.883419484,34996153.24384823,-14861240.008341916,9528190.927281378,-19417431.517405424,33069858.148349263,-17755322.7656174
99,18344706.889063932,20088784.983491894,8196031.4257906955,-273638.6702370992,466016.866444876,-11751.249221351201,-6469929.45058721,4538759.282827458,-4953556.395295524
1305,33267004.370513685,30115868.246995285,-322857.46375532233,-249824.95984744557,621573.9225267138,-242973.27211562224,-7606310.688192626,4525256.650976035,-3630376.363026109
1395,800185921.2842306,524595946.0194328,320870780.85111797,75878955.61530553,-3746239.274329061,79166273.73128001,-120865661.61063386,175231671.8483827,-127286143.76157887
379,126165679.68126856,44223333.41417062,15805805.406566689,14197581.473661384,29494412.396161743,31194063.700582057,24106278.82702248,7857969.100769098,21341166.15427774
217,1698154372.0441632,928051214.6886029,563809234.2820836,97740451.63576569,433094463.01300085,501934644.4871269,42159172.9024701,39846539.49595051,46136461.0582909
69,25651907.791739956,19190206.848096605,7994771.076464673,-249824.95984744557,466016.866444876,155765.9093336886,-5756799.334926749,2607973.761879776,-3149812.904293185
1375,413339457.3637545,175897872.90676704,225905072.18383586,10278716.164648876,49894045.6872943,36761220.80052582,4943950.154248007,9152828.062941354,-7091503.471188839
1667,3406128615.8203163,442189765.3629122,2111068657.5905352,390648794.1341035,14563586.48892213,368885791.1497652,36718361.51408859,127697658.48600753,207213635.24207774
891,1214021467.7827592,526804973.5169071,1009374230.6893268,78125713.8940383,91107704.0199838,173123340.6374041,26508209.847684227,35044462.003735885,45675802.743212655
1210,22336042.135444596,19190206.848096605,-322857.46375532233,177321.6952437036,708326.7446504921,947521.3894011708,-7477709.6654483,3127899.496873949,-4007259.3046475006
1178,28707455.039880536,20088784.983491894,2549158.804433899,-249824.95984744557,466016.866444876,-103736.00151853755,-7573593.293702031,4338206.344280433,-3932038.1260291953
884,35126798.928865455,30246112.12304399,-6656772.71546026,-273638.6702370992,2420255.542231917,1572683.282359462,-5629457.812412996,2942156.180581234,-2069219.0554362868
1603,37907039.28091726,25484275.26159123,4762259.639041564,3287282.926972059,2484554.3198469277,4722209.103554231,-4855804.172699952,3424980.0838767975,-1554248.1709112
1092,416337984.1965011,649983177.6708753,-268901461.9552286,34613314.80748969,-2865128.987120977,35956599.8048317,-53833162.12407326,54165396.39105711,-34564899.971245594
1748,70230096.82030918,30619576.38296144,55799319.2956469,4536947.520773682,2917444.570165888,7121134.904012995,4385782.1739522,6799468.144893561,-391117.04782455193
295,91877460.86572266,35332311.45542204,49451159.43118104,3738725.3104208927,4374825.5366006335,11225006.11436328,3109583.065152211,7291190.078672744,-1986681.7812065394
879,19153246081.52322,13311485855.333881,3584171219.4015656,564453046.23588,745601257.3619391,1232202390.3283863,82659437.28209431,1499771980.6737666,-1020459869.0647671
222,1276003045.261426,325110485.1301616,906121518.6971138,121719042.8036038,32388295.60757953,143931416.15659985,9547398.548073221,31482743.182750974,51955073.342129216
1029,1178946306.656645,1016721842.2606571,323488857.49206674,27421109.241954967,151848717.41652405,193313176.69739497,8929856.977523908,24895712.077067316,16362708.919131782
794,42789221.18016447,21967634.565207142,40128647.52768407,3318537.0197540973,3055521.3609994235,2499042.851224132,15394423.70490919,6329020.391890489,-2108156.584892654
1766,9552434556.070414,5132047010.805259,3593386418.1846337,414282807.2334545,1324209064.6734812,1726393978.5953205,117484545.6796235,130593075.50424816,242710819.05347046
1301,25064687.930779323,19286447.968477286,8210176.8103952035,900244.4901567309,643951.3170092677,683099.6969139965,-9016309.586977517,4504089.482716736,-4305667.694112016
1718,576366747.0886152,318023431.1900404,233720301.55186197,48036665.48268654,142889347.99274126,137174055.97515363,19465402.432983734,21269834.85322403,26124570.07811309
691,670651547.2871271,320324560.8519195,392515058.1911664,29751704.949659012,158841839.59307063,179548857.8364042,6542049.412818338,25313416.55935052,1769658.5856704067
1260,518763519.0506543,190815234.7533843,293802627.31261265,93711764.02515067,30754017.2967435,111119104.88994057,27938399.721985593,101597443.32993941,1303967.5061314316
1711,1069101258.2168686,559467086.7487049,565205001.2834679,-45890747.53879282,47434306.93505537,7774793.47348443,-81832945.41110002,101543395.55894063,-157944094.27240747
1116,4871167512.983275,2838713938.3429103,2015567801.9032364,77666364.07660665,112885529.45873073,178108029.5537991,59471558.07920117,24821175.35309184,54319151.99946774
544,63921967.18414142,37984641.164512865,14448517.138787942,1104720.286866857,896685.3711552069,1538309.343822547,-5391215.443371132,6421783.475196324,-4081329.916788685
808,35715549.2125252,25767995.617891844,3609036.4134457065,2982888.353250086,1454213.4381741527,4283182.353189333,-5457323.947681006,6175728.631185539,-4806066.433556047
284,36904265792.0843,22110842618.381588,23572464978.551327,3397376462.327925,1829113659.880451,4844038729.13768,1068710098.8364484,2577037159.2883167,1095325049.5210977
1791,27698740914.178986,33903101293.61664,-1331933434.8282201,157625099.470005,142224311.5343536,757700430.6356387,479842039.1643104,1960789286.649614,-1854730526.4847748
257,479434733.3997074,121031005.30273008,267510525.25569013,60722761.80246242,30169111.388114166,84989681.10083818,-1738144.577833384,62736238.534111895,-1751663.3209890092
1451,35189399.27427814,22771652.324586645,7994771.076464673,-18705625.706716515,896685.3711552069,-13884463.094291335,-5105503.766256183,3023292.4004986878,-2224786.483009977
1615,-135796408484.83318,-37957556312.877335,-97853202994.42229,-433641740.7548698,4441410777.30095,4008413575.2288427,-1469218315.5696056,217845373.9829097,-652165222.2425569
1875,360645521.93570334,212243982.18075293,154711699.07729998,49830009.5311607,15437377.382342711,55352523.69935974,-5383389.282171542,18746935.4602151,14433995.670948297
1226,36784955.698756196,24673500.52609699,10207871.911072332,1656071.9578016067,896685.3711552069,1797811.2546747732,-919600.9388707358,3579901.737889559,-2224786.483009977
976,42411240.17929961,-32757223.446163483,36805220.92850135,3505006.053772499,2186137.187299213,6774051.767494715,12327623.152164748,3611151.719099932,97467.11713886309
764,1220825776.9994872,712288619.1785833,98502953.18537141,111150611.81161658,43770233.60580186,180587404.69037837,13085146.49384438,44888201.04299898,55011198.08781084
1724,441415227.45415556,268163215.25992116,167250722.76121807,7347611.968135644,108206075.15397176,98455043.79169191,-26386402.429863572,83729371.20532894,-22104949.429139398
1183,199073940.86995658,73042440.38422589,180932351.8642368,11776525.94590094,28116229.7940857,34254577.09440278,21584438.30422348,9163006.634771744,9865386.557499984
207,41138426.487583056,25379596.42073091,19894129.410818715,3164989.609677371,1870610.9020839545,5360906.349186953,-5055142.551462252,4490856.615424133,-1729193.9084609626
2003,2204137711.4269857,1218574554.9332604,1380262888.7751722,107676559.00446114,225417780.0427916,337557764.5645315,27548893.093447983,85286704.23384027,45163189.656936616
1099,73030913.27739431,42736382.36660382,14853429.432524722,2013970.8724042429,14036601.40414635,14213905.72572467,13286640.518866185,5357169.243857508,-1899503.422227691
1552,662527542.8414809,310497115.55917865,217855273.90966254,-4974613.020975462,8367264.717585095,8567132.832038669,-40702712.971932985,87869589.40689546,-82064864.14969686
1129,396446317.94748724,241469742.84863406,187646437.7497314,7860864.503350579,643951.3170092677,11716776.679901619,-44529675.062117144,59500174.96893376,-40280980.3714513
34,27116868.375542507,23120452.833706833,2549158.804433899,-273638.6702370992,466016.866444876,-103736.00151853755,-7496758.784511838,6702009.640661974,-6960573.65612767
1569,6187363201.428357,5254147927.758088,1815828116.9682984,208003728.94617468,5724076.3876969,258732368.71470243,25309701.36862695,258085957.08129853,-22085942.61181294
320,1290549292.44029,1259806864.7127583,39881941.530289315,164917063.24202216,3448356.5163467703,109915573.24059622,-70798832.11292759,258842139.58649933,-62118016.96427298
1193,28707455.039880536,19831221.564196993,7994771.076464673,-273638.6702370992,466016.866444876,155765.9093336886,-1423324.6423331345,5634647.30994376,-3149812.904293185
717,18360742374.942436,10402259873.374628,6124841314.787267,961113079.2746545,174945117.59027454,1119968162.45089,188994357.7841014,833389057.2411,238722555.2704303
13,3489120795.7405267,2388429276.4353676,818847784.7951972,1228825878.300998,-667042712.0021197,281891859.0461176,53718760.374377705,1220473863.0828707,-19514737.949839648
1759,156419805.2681156,36658851.27321659,171401963.25987458,5635357.852674689,12967812.271643365,8268035.249145321,-19424966.631915696,21732935.718171623,-16776388.452352455
1722,2247387183.1440897,1835922115.0151298,235802519.4820777,115001272.18653318,30093685.26799016,147771538.07605267,21480508.64584976,109376127.52402923,13949373.878899988
118,831031365.1312667,339329324.14736384,382503397.26071656,49109360.41008471,121785360.17995141,172630718.43690902,19599583.625567026,32803276.073009264,18461290.0539365
1549,14020813859.700773,5633667552.514856,6008090982.491776,761818892.3144946,1116556930.6097243,1740443921.7531219,640027974.5452611,66057943.04086444,775203436.3662605
957,384972558.9812346,53891332.07031846,276778662.1826498,17020446.723227523,1729927.1166862254,10246102.080403311,-13555728.264058823,35618481.3516599,-17286690.330057945
1870,3903978193.493925,2901785332.927536,1539758650.8119848,28115689.04709313,296691817.03086936,268099096.48727363,-29716636.13191447,72363509.40619776,-30103571.744108852
885,13131002531.411028,7164577454.98119,5258281549.160956,611445893.4883609,1050434278.3624227,1635834803.100837,168406551.9284345,369818108.4154135,229403271.73588553
385,2191424165.7422256,1796766506.6670609,396540227.93069774,8408800.540433045,165872467.36418214,282827932.56656086,-87378708.96664868,98328444.00649214,-76988963.9316262
711,75987326.88211039,51599481.741395645,25727885.863583513,10625162.513792094,4047397.1903795353,16574275.35767624,-9518415.769109786,17155966.73274402,-11578389.913978789
272,517726202.7755302,214873628.91128516,297159959.83036005,92384366.67453356,27424286.588392667,110322077.1242855,10598220.190851502,76315705.48139909,333328.77801502706
1892,7619376447.788216,5596377796.199762,1648179866.470231,385758408.60393614,850992454.2555563,1290053006.6674113,130641416.05580564,198937067.42069963,200442349.48856485
